调度名,币对(标准),总收益,成交收益,资金费收益,手续费,滑点,当期资金费率,当期资金费,成交量,最大持仓,当前持仓,换手率,敞口,市场成交占比,总收益率,成交收益率,资金费收益率,滑点率,手续费率,持仓占比,账户1,账户2,仓位数量,调度最后成交时间,调度最大对冲延迟,主机,调度最后更新时间,配对盈利,价差值,配对胜率,波动率,买卖单卖单数量,买卖单买单数量,配对笔数,累计资金费率
fr-XAUT-USDT-loong_kc_byfutures_mode_0,XAUT-USDT-FTR,3.7326866888022887E+03,7.139294635022884E+02,3.0187572253000003E+03,3.5850719117667904E+02,-4.194406743461136E+02,5E-05 | 0E+00,1.0914039936E+02,2.326064046209067E+06,-2.2406681050000004E+06,-2.1828079872E+06,1.038111820763864E+00,-3.1915173471565737E+02,0E+00,1.60472223234166E-03,3.0692596993011614E-04,1.3472576409525852E-03,-1.8032206595072154E-04,1.5412610489421423E-04,1.6492030641506125E-01,asset04,precursor007,-4.62146E+02,2026-01-12 14:03:34,1.6E+02,prod-strategy-sgap4,2026-01-22 17:17:56,3.348764429540985E+02,2.691402135746035E-04|bybit_linear_futures,9.153365718251214E-01,8.318840877924615E-01,5E+01,0E+00,2.638E+03,1.7483999999999993E-03 | 0E+00
fr-XMR-USDT-loong_kc_byfutures_mode_4,XMR-USDT-FTR,3.2550671130413093E+03,6.544540341309612E+00,3.2485225726999997E+03,8.127752125728875E-01,-2.9447599731385708E+01,1E-04 | 0E+00,1.1451814181000002E+02,8.133563549518585E+03,-1.353843904E+06,-1.1451814181000001E+06,6.007755787419481E-03,4.732097482308745E+00,0E+00,4.0020184181556834E-01,8.046338239647706E-04,2.3994808877907388E-03,-3.620504045010956E-03,9.992855009056819E-05,9.964722173159275E-02,asset04,precursor007,-2.8015299999999997E+03,2026-01-03 15:15:09,1.05E+02,prod-strategy-sgap4,2026-01-22 17:17:58,6.838644856245548E+00,7.119184976063231E-04|bybit_linear_futures,8.148148148148148E-01,1.6797417003821449E+00,4E+01,0E+00,2.2E+01,2.685149999999999E-03 | 0E+00
fr-HYPE-USDT-loong_kc_byfutures_mode_3,HYPE-USDT-FTR,7.4804662012E+02,0E+00,7.4804662012E+02,0E+00,0E+00,1E-04 | 0E+00,2.2689985220999998E+02,0E+00,-2.0965936642500001E+06,-2.2689985220999997E+06,0E+00,0E+00,0E+00,0E+00,0E+00,3.5679141498674394E-04,0E+00,0E+00,1.543159688685737E-01,asset04,precursor007,-7.270101E+04,2026-01-02 22:23:14,0E+00,prod-strategy-sgap4,2026-01-14 01:25:35,0E+00,7.03482237073505E-04|kucoin_spot,0E+00,1.732163853392628E+00,0E+00,0E+00,0E+00,5.962500000000002E-04 | 0E+00
fr-ASTER-USDT-loong_kc_byfutures_mode_2,ASTER-USDT-FTR,6.885361638086824E+02,-1.3755595861131744E+02,8.260921224199999E+02,1.3432833868363446E+01,-2.2385601367847994E+02,5E-05 | 0E+00,5.0470594719999994E+01,9.617853282086132E+04,-1.178460692E+06,-1.0094118943999999E+06,8.161369613239618E-02,8.982822683554136E-01,0E+00,7.158938108269183E-03,-1.4302147743044096E-03,7.009925133930558E-04,-2.327504975517001E-03,1.3966561429443886E-04,8.673845893956933E-02,asset04,precursor007,-1.853152E+06,2026-01-03 13:23:33,1.39E+02,prod-strategy-sgap4,2026-01-22 17:17:47,-7.103970106723743E+01,9.14578379367148E-04|kucoin_spot,1.0638297872340426E-01,1.2509712622825524E+00,3.5E+01,0E+00,3.5E+01,9.373700000000002E-04 | 0E+00
fr-HYPE-USDT-loong_kc_byfutures_mode_4,HYPE-USDT-FTR,5.461477668772523E+02,-2.0189885324274775E+02,7.480466201200001E+02,3.9888792683608335E+02,-1.1077805502204124E+03,1E-04 | 0E+00,2.2689985220999998E+02,1.676732363099575E+06,-2.0965936642500001E+06,-2.2689985220999997E+06,7.997412143756434E-01,-8.776158884529025E+00,0E+00,3.257214919306824E-04,-1.2041209300065123E-04,3.56791414986744E-04,-6.606782183010952E-04,2.3789600273397648E-04,1.543159688685737E-01,asset04,precursor007,-7.270101E+04,2026-01-13 17:34:15,2.52E+02,prod-strategy-sgap4,2026-01-22 17:17:57,-1.0123430892102493E+02,7.03482237073505E-04|kucoin_spot,6.26401179941003E-01,1.732163853392628E+00,6.8E+01,0E+00,4.247E+03,5.962500000000002E-04 | 0E+00
fr-USELESS-USDT-loong_kc_byfutures_mode_0,USELESS-USDT-FTR,3.548241054500796E+02,-6.045866227992042E+01,4.1528276773000005E+02,1.0246999655544641E+01,-2.1767598063126206E+02,5E-05 | 0E+00,6.374382666500001E+00,7.333332432559133E+04,-1.502054284E+05,-1.2748765333E+05,4.8822020020676776E-01,4.719803648948669E+00,0E+00,4.838511123192812E-03,-8.244364050849662E-04,2.7647653760161975E-03,-2.9683091913958017E-03,1.3973183064835802E-04,1.1055597757497218E-02,asset04,precursor007,-2.862961E+06,2026-01-03 08:26:20,2.61E+02,prod-strategy-sgap4,2026-01-22 17:17:42,-3.24127647233686E+01,9.045680687471691E-04|kucoin_spot,4.312977099236641E-01,2.0226843012356803E+00,9E+01,0E+00,1.13E+02,3.239890000000002E-03 | 0E+00
fr-LTC-USDT-loong_kc_byfutures_mode_0,LTC-USDT-FTR,2.990812248805116E+02,-1.431541448948835E+01,3.1339663937E+02,2.8135650577023625E+00,-3.4270619597285986E+01,6.8E-06 | 0E+00,6.224543744000002E+00,2.01231776638031E+04,-1.0671108210000002E+06,-9.153740800000002E+05,1.885762684417863E-02,-4.615068643391133E+00,0E+00,1.4862524690545715E-02,-7.113893605003766E-04,2.9368705967793755E-04,-1.7030421422423174E-03,1.3981713547971648E-04,7.854275391586725E-02,asset04,precursor007,-1.54624E+04,2026-01-13 18:08:37,9.3E+01,prod-strategy-sgap4,2026-01-22 17:17:54,-5.46637278191741E+00,1.0138560324435275E-03|kucoin_spot,2.8125E-01,9.798381940547951E-01,3E+01,0E+00,1.8E+01,4.2157E-04 | 0E+00
fr-KAS-USDT-loong_kc_byfutures_mode_1,KAS-USDT-FTR,2.363957503541776E+02,-4.10314729758224E+01,2.7742722333E+02,4.4303777186069055E+00,-9.760076837334782E+01,5E-05 | 0E+00,7.932696240000001E+00,4.269894692954421E+04,-1.761949278E+05,-1.586539248E+05,2.4233925154764988E-01,-4.921700064668655E+00,0E+00,5.536336780020467E-03,-9.609481246347073E-04,1.5745471608859787E-03,-2.2857886526896055E-03,1.0375847736754002E-04,1.2968507659261563E-02,asset04,precursor007,-5.11952E+06,2025-12-09 16:08:57,5.3E+01,prod-strategy-sgap4,2026-01-22 17:17:59,-6.043553563309327E+00,1.9323671497584183E-03|kucoin_spot,2.1875E-01,1.1299291234993216E+00,4.7E+01,0E+00,2.8E+01,1.6753899999999993E-03 | 0E+00
fr-SUI-USDT-loong_kc_byfutures_mode_0,SUI-USDT-FTR,2.1644280130132123E+02,-5.95688491986788E+01,2.7601165050000003E+02,8.15352237474508E+00,-8.511860465724021E+01,1E-04 | 0E+00,2.373213816E+01,5.8403264320507646E+04,-2.266635134E+05,-2.373213816E+05,2.5766504473722524E-01,3.985568632662446E+01,0E+00,3.7060052005572536E-03,-1.019957529630101E-03,1.2177153983001837E-03,-1.457428889421713E-03,1.3960730568072138E-04,1.6683156242384384E-02,asset04,precursor007,-2.1222E+05,2026-01-03 07:23:11,1.63E+02,prod-strategy-sgap4,2026-01-22 17:17:53,-3.683955848648593E+01,6.242753946312796E-04|kucoin_spot,7.253886010362694E-02,1.3503522107163186E+00,6.1E+01,0E+00,1.4E+01,1.4641500000000004E-03 | 0E+00
fr-BTC-USDT-loong_kc_byfutures_mode_0,BTC-USDT-FTR,1.9939409518997687E+02,1.8170555484997686E+02,1.7688540340000003E+01,9.391626064898446E+00,-7.215752172097581E+01,7.058E-05 | 0E+00,2.3374104500604E+00,9.431590529108047E+04,-5.6959979000000014E+04,-3.311717838E+04,1.6558275994287226E+00,2.711421361383885E+02,0E+00,2.114108904268066E-03,1.9265632269466315E-03,3.1054330866238557E-04,-7.650620698415731E-04,9.957627015203573E-05,4.1924358048000395E-03,asset04,precursor007,-4.29E-01,2026-01-12 03:36:55,1.81E+02,prod-strategy-sgap4,2026-01-22 17:17:45,8.85257808820151E+01,6.422249266306856E-04|kucoin_spot,4.634146341463415E-01,7.631365848715578E-01,2.5E+01,0E+00,1.9E+01,4.4197E-04 | 0E+00
fr-TRB-USDT-loong_kc_byfutures_mode_0,TRB-USDT-FTR,1.8702405133E+02,0E+00,1.8702405133E+02,0E+00,0E+00,5E-05 | 0E+00,2.3968973715E+00,0E+00,-4.818785667E+04,-4.793794743E+04,0E+00,0E+00,0E+00,0E+00,0E+00,3.881144841339962E-03,0E+00,0E+00,3.5467796724412484E-03,asset04,precursor007,-2.97511E+03,1970-01-01 00:00:00,0E+00,prod-strategy-sgap4,2026-01-19 17:16:27,0E+00,9.252405625463922E-04|kucoin_spot,0E+00,1.2566229350121736E+00,0E+00,0E+00,0E+00,4.14695E-03 | 0E+00
fr-TRB-USDT-loong_kc_byfutures_mode_1,TRB-USDT-FTR,1.7848666154760014E+02,-8.537389782399872E+00,1.8702405133000002E+02,2.2065901267633308E+00,-1.437811751634581E+01,5E-05 | 0E+00,2.3968973715E+00,1.1866083578646183E+04,-4.818785667E+04,-4.793794743E+04,2.4624634500570292E-01,-8.042851110555603E+00,0E+00,1.5041749905486837E-02,-7.194783119312828E-04,3.881144841339963E-03,-1.2116986553356325E-03,1.8595774352493508E-04,3.5467796724412484E-03,asset04,precursor007,-2.97511E+03,2026-01-19 09:24:05,6.2E+01,prod-strategy-sgap4,2026-01-22 17:17:55,-7.779583491376854E+00,9.252405625463922E-04|kucoin_spot,5.108695652173914E-01,1.2566229350121736E+00,6.6E+01,0E+00,4.7E+01,4.14695E-03 | 0E+00
fr-PENGU-USDT-loong_kc_byfutures_mode_2,PENGU-USDT-FTR,1.2343252900414596E+02,-4.068706432585405E+01,1.6411959333000001E+02,2.715424621306738E+00,-5.673438158258796E+01,3.42E-06 | 0E+00,8.209614531384E-01,2.7243757351052016E+04,-2.9290499161E+05,-2.4004720852000001E+05,9.301226722461185E-02,-5.335730000000002E-01,0E+00,4.53067201464337E-03,-1.4934454084866867E-03,5.60316819552613E-04,-2.082472723990737E-03,9.967144349132452E-05,2.1558739939676226E-02,asset04,precursor007,-3.134594E+07,2026-01-03 10:55:23,1.43E+02,prod-strategy-sgap4,2026-01-22 17:17:47,-2.5571214569780647E+01,1.1714174150723178E-03|kucoin_spot,5.8823529411764705E-02,1.3667894143555714E+00,6.1E+01,0E+00,5E+00,6.333800000000004E-04 | 0E+00
fr-ZEREBRO-USDT-loong_kc_byfutures_mode_2,ZEREBRO-USDT-FTR,1.1755358179E+02,0E+00,1.1755358179E+02,0E+00,0E+00,5E-05 | 0E+00,1.4388478632E+00,0E+00,-6.9853412235E+04,-2.8776957263999997E+04,0E+00,0E+00,0E+00,0E+00,0E+00,1.6828609802843656E-03,0E+00,0E+00,5.141433541284682E-03,asset04,precursor007,-3.205989E+06,2026-01-06 08:40:00,0E+00,prod-strategy-sgap4,2026-01-12 10:26:19,0E+00,3.6842692865914906E-03|kucoin_spot,0E+00,1.8035504181570852E+00,0E+00,0E+00,0E+00,2.105379999999999E-03 | 0E+00
fr-ZEREBRO-USDT-loong_kc_byfutures_mode_1,ZEREBRO-USDT-FTR,1.1755358179E+02,0E+00,1.1755358179E+02,0E+00,0E+00,5E-05 | 0E+00,1.4388478632E+00,0E+00,-6.9853412235E+04,-2.8776957263999997E+04,0E+00,0E+00,0E+00,0E+00,0E+00,1.6828609802843656E-03,0E+00,0E+00,5.141433541284682E-03,asset04,precursor007,-3.205989E+06,2025-12-01 16:09:07,0E+00,prod-strategy-sgap4,2026-01-06 00:10:54,0E+00,3.6842692865914906E-03|kucoin_spot,0E+00,1.7166733648743728E+00,0E+00,0E+00,0E+00,2.105379999999999E-03 | 0E+00
fr-S-USDT-loong_kc_byfutures_mode_1,S-USDT-FTR,1.0840169115790022E+02,1.2652902581790022E+02,-1.812733466E+01,8.90809039362648E+00,-2.0091716626752168E+02,-5.442E-05 | 0E+00,-7.210314685727999E-01,8.930706995624304E+04,-4.263701554E+04,-1.3249383839999999E+04,2.0945900838781606E+00,-7.742757640457153E+00,0E+00,1.2138086179628645E-03,1.416786217260229E-03,-4.251548667376544E-04,-2.249734162882773E-03,9.97467546297409E-05,3.138220092386475E-03,asset04,precursor007,-2.60712E+05,2026-01-03 14:59:44,1E+02,prod-strategy-sgap4,2026-01-22 17:17:56,9.424938231704363E+01,3.7394213737451665E-03|kucoin_spot,6.3125E-01,1.2471969450281308E+00,1.01E+02,0E+00,1.01E+02,-5.207599999999995E-04 | 0E+00
fr-GIGGLE-USDT-loong_kc_byfutures_mode_2,GIGGLE-USDT-FTR,1.0623448741166287E+02,-8.599723768337139E+00,1.1483421118000001E+02,1.3686021896297461E+01,-2.6028836054215225E+02,5E-05 | 0E+00,3.0293629650000002E+00,9.693559478713572E+04,-6.39380595E+04,-6.05872593E+04,1.516085967343687E+00,4.703615065928548E+00,0E+00,1.0959285662294322E-03,-8.871585084118557E-05,1.7960227770128056E-03,-2.6851680346494868E-03,1.41186753187527E-04,4.706044746562061E-03,asset04,precursor007,-1.650879E+03,2026-01-03 04:23:57,1.45E+02,prod-strategy-sgap4,2026-01-22 17:17:42,2.8510013124671815E+01,4.362050163577047E-03|kucoin_spot,4.519230769230769E-01,1.6425098707110146E+00,6.8E+01,0E+00,1.41E+02,1.9290499999999986E-03 | 0E+00
fr-NOT-USDT-loong_kc_byfutures_mode_1,NOT-USDT-FTR,9.748657933774213E+01,8.971352116774213E+01,7.77305817E+00,1.1023980271949767E+01,-1.0552257954771629E+02,-1.0679E-04 | 0E+00,-2.0495940373392002E-01,6.59888023875691E+04,-9.02887131E+03,-1.9192752480000001E+03,7.308643585880182E+00,-1.42857097E+02,0E+00,1.477320027194592E-03,1.3595264336035634E-03,8.609113922568467E-04,-1.5990982671265227E-03,1.6705834737237865E-04,6.645536747296875E-04,asset04,precursor007,-4.27646E+06,2026-01-03 08:07:55,1.06E+02,prod-strategy-sgap4,2026-01-22 17:17:52,2.097489464353945E+01,3.0864197530864335E-03|kucoin_spot,5.21311475409836E-01,1.3541065494746896E+00,0E+00,0E+00,1.59E+02,1.5304199999999994E-03 | 0E+00
fr-SPX-USDT-loong_kc_byfutures_mode_6,SPX-USDT-FTR,9.344620328161298E+01,2.989396602161299E+01,6.355223726E+01,8.664040346650381E+00,-1.7199984289356502E+02,2.318E-05 | 0E+00,3.24483690848E-01,7.244520925730467E+04,-4.05093056E+04,-1.3998433599999998E+04,1.7883596912928734E+00,-1.4258663637404146E+01,0E+00,1.2898879613932619E-03,4.126424138749903E-04,1.568830576547824E-03,-2.374205895143056E-03,1.1959438637105992E-04,2.9816138665540366E-03,asset04,precursor007,-4.7356E+04,2026-01-03 11:56:52,8.9E+01,prod-strategy-sgap4,2026-01-22 17:17:44,2.428959365598297E+01,2.3640661938535423E-03|kucoin_spot,5.972222222222222E-01,1.5976464493709168E+00,7.6E+01,0E+00,1.29E+02,1.663749999999999E-03 | 0E+00
fr-KGEN-USDT-loong_kc_byfutures_mode_2,KGEN-USDT-FTR,4.136920863E+01,0E+00,4.136920863E+01,0E+00,0E+00,5E-05 | 0E+00,1.986105636E+00,0E+00,-3.962161116E+04,-3.972211272E+04,0E+00,0E+00,0E+00,0E+00,0E+00,1.0441071783513006E-03,0E+00,0E+00,2.9162767295094825E-03,asset04,precursor007,-1.79852E+05,2025-12-15 16:08:50,0E+00,prod-strategy-sgap4,2026-01-21 10:09:16,0E+00,2.3137646311586213E-03|kucoin_spot,0E+00,1.2829065368867503E+00,0E+00,0E+00,0E+00,1.1874600000000002E-03 | 0E+00
fr-OP-USDT-loong_kc_byfutures_mode_0,OP-USDT-FTR,3.365513848677846E+01,1.8621560896778462E+01,1.503357759E+01,9.589626951521495E+00,-3.654826033674203E+01,-2.7616E-04 | 0E+00,-8.7874012692864E+00,3.018307489722967E+04,-3.398716486E+04,-3.181996404E+04,8.880727480965199E-01,4.36495628347397E+00,0E+00,1.1150334616791303E-03,6.169537384836701E-04,4.4233102854934634E-04,-1.210885917395268E-03,3.177153747314748E-04,2.50156354275878E-03,asset04,precursor007,-1.373919E+05,2026-01-03 09:13:13,7.7E+01,prod-strategy-sgap4,2026-01-22 17:17:55,-6.230502341282069E+00,1.7241379310344307E-03|kucoin_spot,5.192307692307693E-01,1.3609190501267208E+00,3.5E+01,0E+00,2.7E+01,6.846200000000002E-04 | 0E+00
fr-TIA-USDT-loong_kc_byfutures_mode_1,TIA-USDT-FTR,2.7911406028743084E+01,-6.75110619125692E+00,3.466251222E+01,1.0778816100209951E+00,-1.5968580044806004E+01,5E-05 | 0E+00,3.9303676070000004E+00,7.719211427688599E+03,-9.212529323999998E+04,-7.860735214E+04,8.37903593704599E-02,1.657721244812012E-01,0E+00,3.6158364478301036E-03,-8.745849565722333E-04,3.76254023199677E-04,-2.0686802265225106E-03,1.3963623358658936E-04,6.780714892944025E-03,asset04,precursor007,-2.143642E+05,2026-01-03 14:02:41,1.3E+02,prod-strategy-sgap4,2026-01-22 17:17:43,-3.3126841911780183E+00,1.6313213703098572E-03|kucoin_spot,1.6E-01,1.305141419966093E+00,5.5E+01,0E+00,4E+00,4.492100000000001E-04 | 0E+00
fr-MET-USDT-loong_kc_byfutures_mode_9,MET-USDT-FTR,2.5008231520000002E+01,0E+00,2.5008231520000002E+01,0E+00,0E+00,5E-05 | 0E+00,6.7741532103E+00,0E+00,-1.36855898415E+05,-1.3548306420599998E+05,0E+00,0E+00,0E+00,0E+00,0E+00,1.8273404222714153E-04,0E+00,0E+00,1.0073029848081982E-02,asset04,precursor007,-5.624738E+05,2025-12-15 16:06:57,0E+00,prod-strategy-sgap4,2025-12-31 12:48:34,0E+00,1.0064581061812738E-03|kucoin_spot,0E+00,1.4206290313455936E+00,0E+00,0E+00,0E+00,3.461000000000003E-04 | 0E+00
fr-LINK-USDT-loong_kc_byfutures_mode_0,LINK-USDT-FTR,1.9095350379430982E+01,-1.5479524260569022E+01,3.4574874640000004E+01,9.018241451532958E+00,-7.34889959786088E+01,1E-04 | 0E+00,1.458914892E+01,6.4547499158248305E+04,-1.229560029E+05,-1.4589148919999998E+05,5.249641956134888E-01,4.393166416329145E+00,0E+00,2.958340854169383E-04,-2.3981601862867752E-04,2.8119712600058834E-04,-1.1385258443311493E-03,1.397148079962529E-04,9.049953283393196E-03,asset04,precursor007,-1.5318300000000001E+04,2025-12-09 02:32:00,1.71E+02,prod-strategy-sgap4,2026-01-22 17:17:59,-5.799270183868045E+00,5.557303135155234E-04|kucoin_spot,1.836734693877551E-01,1.162748087133212E+00,5.6E+01,0E+00,2.7E+01,5.053200000000001E-04 | 0E+00
fr-B2-USDT-loong_kc_byfutures_mode_6,B2-USDT-FTR,1.675880848E+01,0E+00,1.675880848E+01,0E+00,0E+00,5E-05 | 0E+00,1.1766901E-01,0E+00,-2.5716394999999998E+03,-2.3533802E+03,0E+00,0E+00,0E+00,0E+00,0E+00,6.51677985191937E-03,0E+00,0E+00,1.8928085484087113E-04,asset04,precursor007,-2.8089999999999995E+03,2025-12-24 06:29:47,0E+00,prod-strategy-sgap4,2025-12-25 14:07:00,0E+00,2.169720347155346E-03|kucoin_spot,0E+00,1.2373267696934387E+00,0E+00,0E+00,0E+00,7.073269999999998E-03 | 0E+00
fr-XPIN-USDT-loong_kc_byfutures_mode_2,XPIN-USDT-FTR,1.526484418E+01,0E+00,1.526484418E+01,0E+00,0E+00,1.9445E-04 | 0E+00,3.3088860369E-01,0E+00,-1.76895576E+03,-1.7016642E+03,0E+00,0E+00,0E+00,0E+00,0E+00,8.62929674397284E-03,0E+00,0E+00,1.3020077597520295E-04,asset04,precursor007,-7.452E+05,2025-12-23 03:49:54,0E+00,prod-strategy-sgap4,2026-01-01 18:10:36,0E+00,1.8403295066165004E-03|bybit_linear_futures,0E+00,1.0373137743088514E+00,0E+00,0E+00,0E+00,8.979879999999994E-03 | 0E+00
fr-XPIN-USDT-loong_kc_byfutures_mode_3,XPIN-USDT-FTR,1.526484418E+01,0E+00,1.526484418E+01,0E+00,0E+00,1.9445E-04 | 0E+00,3.3088860369E-01,0E+00,-1.76895576E+03,-1.7016642E+03,0E+00,0E+00,0E+00,0E+00,0E+00,8.62929674397284E-03,0E+00,0E+00,1.3020077597520295E-04,asset04,precursor007,-7.452E+05,2026-01-03 11:31:05,0E+00,prod-strategy-sgap4,2026-01-05 20:21:44,0E+00,1.8403295066165004E-03|bybit_linear_futures,0E+00,1.0373137743088514E+00,0E+00,0E+00,0E+00,8.979879999999994E-03 | 0E+00
fr-Q-USDT-loong_kc_byfutures_mode_0,Q-USDT-FTR,1.3689158729999999E+01,0E+00,1.3689158729999999E+01,0E+00,0E+00,5E-05 | 0E+00,5.7258354E-02,0E+00,-1.33844346E+03,-1.14516708E+03,0E+00,0E+00,0E+00,0E+00,0E+00,1.0227670528570553E-02,0E+00,0E+00,9.851370002092958E-05,asset04,precursor007,-6.038E+04,2026-01-03 14:11:32,0E+00,prod-strategy-sgap4,2026-01-16 15:12:11,0E+00,2.9040604044563434E-03|bybit_linear_futures,0E+00,3.020040876393644E+00,0E+00,0E+00,0E+00,1.0252559999999996E-02 | 0E+00
fr-RENDER-USDT-loong_kc_byfutures_mode_0,RENDER-USDT-FTR,1.364525634E+01,0E+00,1.364525634E+01,0E+00,0E+00,5E-05 | 0E+00,1.7327394380000003E+00,0E+00,-3.677698128E+04,-3.465478876E+04,0E+00,0E+00,0E+00,0E+00,0E+00,3.7102708991019177E-04,0E+00,0E+00,2.706902913547998E-03,asset04,precursor007,-2.26739E+04,2026-01-09 10:53:40,0E+00,prod-strategy-sgap4,2026-01-20 05:16:13,0E+00,2.022310653010617E-03|kucoin_spot,0E+00,1.3818902918647336E+00,0E+00,0E+00,0E+00,5.806000000000001E-04 | 0E+00
fr-STX-USDT-loong_kc_byfutures_mode_0,STX-USDT-FTR,1.3634120061276345E+01,2.2191332331276346E+01,-8.55721227E+00,1.9218519140558783E+00,-3.48331028111279E+01,-1.9713E-04 | 0E+00,-4.322897912916E-01,1.9296755125924945E+04,-8.91152255E+03,-2.19291732E+03,2.1653712951581934E+00,3.79349989272356E+00,0E+00,7.065498822109774E-04,1.1500033133271497E-03,-9.602413304783705E-04,-1.8051274726666386E-03,9.95945640349602E-05,6.559164323761942E-04,asset04,precursor007,-8.433E+03,2026-01-10 00:37:41,5.5E+01,prod-strategy-sgap4,2026-01-22 17:17:54,1.2128185453424322E+01,2.6871401151631336E-03|kucoin_spot,7.821782178217822E-01,1.2620122911167082E+00,4.2E+01,0E+00,7.9E+01,-1.1167299999999998E-03 | 0E+00
fr-LDO-USDT-loong_kc_byfutures_mode_0,LDO-USDT-FTR,1.2614495753128805E+01,-8.701877416871193E+00,2.131637317E+01,1.0171257356123533E+00,-3.0970380149781768E+01,1E-04 | 0E+00,3.2534873839999996E+00,1.0209563180565834E+04,-4.01174334E+04,-3.2534873839999997E+04,2.5449193318947055E-01,2.0047082551002497E+00,0E+00,1.2355568529259725E-03,-8.523261243375662E-04,5.313493751571853E-04,-3.0334677010212035E-03,9.962480447238706E-05,2.9527708249829404E-03,asset04,precursor007,-7.837840000000001E+04,2026-01-03 08:37:00,7.2E+01,prod-strategy-sgap4,2026-01-22 17:17:50,-4.882780059380936E+00,1.4412683161182382E-03|kucoin_spot,4E-01,1.3352366263802329E+00,5E+01,0E+00,1.2E+01,7.674600000000002E-04 | 0E+00
fr-TRUTH-USDT-loong_kc_byfutures_mode_1,TRUTH-USDT-FTR,8.072313623913706E+00,-9.014073760862953E-01,8.973721000000001E+00,2.3781086318194866E-02,-3.297320450656116E-02,5E-05 | 0E+00,1.1971544999999999E-01,1.6815742897987366E+02,-2.5407702999999997E+03,-2.3943089999999997E+03,6.618364083517257E-02,7.6201E-02,0E+00,4.800450192943816E-02,-5.360496896002034E-03,3.5318899154323405E-03,-1.9608532734231827E-04,1.4142156229708511E-04,1.870087834388516E-04,asset04,precursor007,-1.709E+05,2026-01-03 11:44:40,4.2E+01,prod-strategy-sgap4,2026-01-21 19:09:01,-6.596112804439258E-01,1.2040512784190494E-03|kucoin_spot,0E+00,1.9253472249990748E+00,0E+00,0E+00,0E+00,3.8834300000000024E-03 | 0E+00
fr-PNUT-USDT-loong_kc_byfutures_mode_0,PNUT-USDT-FTR,7.6961243500000025E+00,0E+00,7.6961243500000025E+00,0E+00,0E+00,5E-05 | 0E+00,1.047991446E+00,0E+00,-1.9710127060000003E+04,-2.095982892E+04,0E+00,0E+00,0E+00,0E+00,0E+00,3.9046548642594097E-04,0E+00,0E+00,1.450728105140315E-03,asset04,precursor007,-3.6668700000000006E+05,2025-12-10 22:18:47,0E+00,prod-strategy-sgap4,2026-01-21 21:38:13,0E+00,2.4449877750611915E-03|kucoin_spot,0E+00,1.4206073164197335E+00,0E+00,0E+00,0E+00,6.849199999999999E-04 | 0E+00
fr-LYN-USDT-loong_kc_byfutures_mode_0,LYN-USDT-FTR,5.781536540000001E+00,0E+00,5.781536540000001E+00,0E+00,0E+00,5E-05 | 0E+00,1.16740538E-01,0E+00,-2.34394936E+03,-2.33481076E+03,0E+00,0E+00,0E+00,0E+00,0E+00,2.4665791158559845E-03,0E+00,0E+00,1.7252213561213105E-04,asset04,precursor007,-2.0308E+04,2026-01-03 12:59:51,0E+00,prod-strategy-sgap4,2026-01-12 10:26:17,0E+00,5.174984650469172E-03|kucoin_spot,0E+00,1.4339785900186743E+00,0E+00,0E+00,0E+00,2.6561400000000013E-03 | 0E+00
fr-LYN-USDT-loong_kc_byfutures_mode_1,LYN-USDT-FTR,5.78153654E+00,0E+00,5.78153654E+00,0E+00,0E+00,5E-05 | 0E+00,1.16740538E-01,0E+00,-2.34394936E+03,-2.33481076E+03,0E+00,0E+00,0E+00,0E+00,0E+00,2.466579115855984E-03,0E+00,0E+00,1.7252213561213105E-04,asset04,precursor007,-2.0308E+04,2026-01-12 02:29:27,0E+00,prod-strategy-sgap4,2026-01-23 17:52:41,0E+00,5.174984650469172E-03|kucoin_spot,0E+00,1.4339785900186743E+00,0E+00,0E+00,0E+00,2.6561400000000013E-03 | 0E+00
fr-AVAAI-USDT-loong_kc_byfutures_mode_6,AVAAI-USDT-FTR,4.280925959999999E+00,0E+00,4.280925959999999E+00,0E+00,0E+00,5E-05 | 0E+00,1.300661887E-01,0E+00,-2.721447784E+03,-2.601323774E+03,0E+00,0E+00,0E+00,0E+00,0E+00,1.573032554645553E-03,0E+00,0E+00,2.0030722150609154E-04,asset04,precursor007,-2.55583E+05,2025-12-18 07:47:00,0E+00,prod-strategy-sgap4,2026-01-19 16:48:36,0E+00,3.021737011404513E-03|kucoin_spot,0E+00,4.408199627824264E+00,0E+00,0E+00,0E+00,2.1999999999999993E-03 | 0E+00
fr-SWARMS-USDT-loong_kc_byfutures_mode_5,SWARMS-USDT-FTR,3.15669761E+00,0E+00,3.15669761E+00,0E+00,0E+00,5E-05 | 0E+00,6.006341745E-02,0E+00,-1.6512878790000002E+03,-1.201268349E+03,0E+00,0E+00,0E+00,0E+00,0E+00,1.9116579550693836E-03,0E+00,0E+00,1.2154004530008544E-04,asset04,precursor007,-1.35141E+05,2026-01-03 13:25:43,0E+00,prod-strategy-sgap4,2026-01-16 17:27:30,0E+00,3.1347962382444194E-03|kucoin_spot,0E+00,2.340580474456105E+00,0E+00,0E+00,0E+00,2.1999999999999993E-03 | 0E+00
fr-STBL-USDT-loong_kc_byfutures_mode_1,STBL-USDT-FTR,3.1123873300000002E+00,0E+00,3.1123873300000002E+00,0E+00,0E+00,5E-05 | 0E+00,5.671809E-02,0E+00,-1.5920320199999999E+03,-1.1343618E+03,0E+00,0E+00,0E+00,0E+00,0E+00,1.954977846488289E-03,0E+00,0E+00,1.171786254176135E-04,asset04,precursor007,-3.3561E+04,2025-12-09 08:38:26,0E+00,prod-strategy-sgap4,2025-12-30 17:54:11,0E+00,1.777777777777656E-03|kucoin_spot,0E+00,1.2808461743530195E+00,0E+00,0E+00,0E+00,2.1999999999999993E-03 | 0E+00
fr-STBL-USDT-loong_kc_byfutures_mode_2,STBL-USDT-FTR,3.1123873300000002E+00,0E+00,3.1123873300000002E+00,0E+00,0E+00,5E-05 | 0E+00,5.671809E-02,0E+00,-1.5920320199999999E+03,-1.1343618E+03,0E+00,0E+00,0E+00,0E+00,0E+00,1.954977846488289E-03,0E+00,0E+00,1.171786254176135E-04,asset04,precursor007,-3.3561E+04,2025-12-30 10:44:47,0E+00,prod-strategy-sgap4,2026-01-16 15:34:51,0E+00,1.777777777777656E-03|kucoin_spot,0E+00,1.4430252789880749E+00,0E+00,0E+00,0E+00,2.1999999999999993E-03 | 0E+00
fr-GRIFFAIN-USDT-loong_kc_byfutures_mode_1,GRIFFAIN-USDT-FTR,2.76062765E+00,0E+00,2.76062765E+00,0E+00,0E+00,5E-05 | 0E+00,5.925682560000001E-02,0E+00,-1.460730896E+03,-1.185136512E+03,0E+00,0E+00,0E+00,0E+00,0E+00,1.8898947489640828E-03,0E+00,0E+00,1.0751444465188518E-04,asset04,precursor007,-1.06176E+05,2025-12-17 16:03:07,0E+00,prod-strategy-sgap4,2025-12-31 15:48:28,0E+00,2.4252223120451166E-03|kucoin_spot,0E+00,1.771699894845803E+00,0E+00,0E+00,0E+00,2.1999999999999993E-03 | 0E+00
fr-GRIFFAIN-USDT-loong_kc_byfutures_mode_2,GRIFFAIN-USDT-FTR,2.76062765E+00,0E+00,2.76062765E+00,0E+00,0E+00,5E-05 | 0E+00,5.925682560000001E-02,0E+00,-1.460730896E+03,-1.185136512E+03,0E+00,0E+00,0E+00,0E+00,0E+00,1.8898947489640828E-03,0E+00,0E+00,1.0751444465188518E-04,asset04,precursor007,-1.06176E+05,2026-01-03 06:39:34,0E+00,prod-strategy-sgap4,2026-01-12 01:19:42,0E+00,2.4252223120451166E-03|kucoin_spot,0E+00,1.7479893649164775E+00,0E+00,0E+00,0E+00,2.1999999999999993E-03 | 0E+00
fr-ENA-USDT-loong_kc_byfutures_mode_0,ENA-USDT-FTR,1.9119636400000002E+00,0E+00,1.9119636400000002E+00,0E+00,0E+00,-1.0849E-04 | 0E+00,-1.693631498993E-01,0E+00,-1.96159483E+03,-1.5610945699999997E+03,0E+00,0E+00,0E+00,0E+00,0E+00,9.746985517901269E-04,0E+00,0E+00,1.4437962485559634E-04,asset04,precursor007,-1.1269E+04,2025-11-25 06:42:47,0E+00,prod-strategy-sgap4,2026-01-20 22:31:51,0E+00,1.4440433212994375E-03|kucoin_spot,0E+00,1.3163821123971364E+00,0E+00,0E+00,0E+00,1.0514300000000003E-03 | 0E+00
fr-APE-USDT-loong_kc_byfutures_mode_0,APE-USDT-FTR,1.61639118E+00,0E+00,1.61639118E+00,0E+00,0E+00,9.353E-05 | 0E+00,1.374062333553E-01,0E+00,-1.94112116E+03,-1.46911401E+03,0E+00,0E+00,0E+00,0E+00,0E+00,8.327100921407709E-04,0E+00,0E+00,1.4287269755908766E-04,asset04,precursor007,-1.00035E+04,2025-12-09 06:33:51,0E+00,prod-strategy-sgap4,2026-01-21 22:04:47,0E+00,1.3605442176871652E-03|kucoin_spot,0E+00,1.3543786606882795E+00,0E+00,0E+00,0E+00,9.674200000000001E-04 | 0E+00
fr-PENDLE-USDT-loong_kc_byfutures_mode_0,PENDLE-USDT-FTR,8.7324881E-01,0E+00,8.7324881E-01,0E+00,0E+00,1E-04 | 0E+00,1.4244101999999997E-01,0E+00,-1.8206286E+03,-1.4244101999999998E+03,0E+00,0E+00,0E+00,0E+00,0E+00,4.79641377708776E-04,0E+00,0E+00,1.340040615162967E-04,asset04,precursor007,-8.94E+02,2025-11-16 18:15:51,0E+00,prod-strategy-sgap4,2026-01-13 12:13:17,0E+00,1.820921763154626E-03|kucoin_spot,0E+00,1.4169631533164908E+00,0E+00,0E+00,0E+00,6.499800000000001E-04 | 0E+00
fr-CRV-USDT-loong_kc_byfutures_mode_0,CRV-USDT-FTR,1.8597955000000005E-01,0E+00,1.8597955000000005E-01,0E+00,0E+00,1E-04 | 0E+00,1.43782464E-01,0E+00,-1.8489268E+03,-1.43782464E+03,0E+00,0E+00,0E+00,0E+00,0E+00,1.005878383070655E-04,0E+00,0E+00,1.3608689913271143E-04,asset04,precursor007,-5.1646E+03,2025-11-26 17:43:43,0E+00,prod-strategy-sgap4,2026-01-20 06:13:12,0E+00,7.171029042669641E-04|kucoin_spot,0E+00,1.263347671738663E+00,0E+00,0E+00,0E+00,1.0768000000000003E-04 | 0E+00
fr-DASH-USDT-loong_kc_byfutures_mode_0,DASH-USDT-FTR,-4.357507999999999E-02,0E+00,-4.357507999999999E-02,0E+00,0E+00,1E-04 | 0E+00,1.382616E-01,0E+00,-1.9160442E+03,-1.382616E+03,0E+00,0E+00,0E+00,0E+00,0E+00,-2.2742210226674305E-05,0E+00,0E+00,1.410269534625258E-04,asset04,precursor007,-3.114E+01,2026-01-03 14:18:59,0E+00,prod-strategy-sgap4,2026-01-14 01:25:35,0E+00,6.773538044706484E-04|kucoin_spot,0E+00,1.5692191601128493E+00,0E+00,0E+00,0E+00,3.4766000000000023E-04 | 0E+00
fr-ARB-USDT-loong_kc_byfutures_mode_0,ARB-USDT-FTR,-1.2030083999999991E-01,0E+00,-1.2030083999999991E-01,0E+00,0E+00,1E-04 | 0E+00,1.547768196E-01,0E+00,-1.8718250079999998E+03,-1.547768196E+03,0E+00,0E+00,0E+00,0E+00,0E+00,-6.42692770348968E-05,0E+00,0E+00,1.3777228014531602E-04,asset04,precursor007,-1.13373E+04,2025-12-12 16:04:07,0E+00,prod-strategy-sgap4,2026-01-21 16:38:04,0E+00,1.3165593914568063E-03|kucoin_spot,0E+00,1.2423998835763619E+00,0E+00,0E+00,0E+00,1.1392999999999988E-04 | 0E+00
fr-BNB-USDT-loong_kc_byfutures_mode_4,BNB-USDT-FTR,-2.2030630999999995E-01,0E+00,-2.2030630999999995E-01,0E+00,0E+00,1E-04 | 0E+00,1.7787919E-01,0E+00,-2.1043395E+03,-1.7787919E+03,0E+00,0E+00,0E+00,0E+00,0E+00,-1.046914293059651E-04,0E+00,0E+00,1.5488608704113132E-04,asset04,precursor007,-2.33E+00,2026-01-04 16:06:06,0E+00,prod-strategy-sgap4,2026-01-19 16:48:25,0E+00,3.0239560151867906E-04|kucoin_spot,0E+00,8.803449479999758E-01,0E+00,0E+00,0E+00,-9.261999999999996E-05 | 0E+00
fr-BNB-USDT-loong_kc_byfutures_mode_3,BNB-USDT-FTR,-2.2030631E-01,0E+00,-2.2030631E-01,0E+00,0E+00,1E-04 | 0E+00,1.7787919E-01,0E+00,-2.1043395E+03,-1.7787919E+03,0E+00,0E+00,0E+00,0E+00,0E+00,-1.0469142930596513E-04,0E+00,0E+00,1.5488608704113132E-04,asset04,precursor007,-2.33E+00,2025-12-12 08:31:11,0E+00,prod-strategy-sgap4,2025-12-31 18:10:48,0E+00,3.0239560151867906E-04|kucoin_spot,0E+00,9.008310864231767E-01,0E+00,0E+00,0E+00,-9.261999999999996E-05 | 0E+00
fr-ZEN-USDT-loong_kc_byfutures_mode_1,ZEN-USDT-FTR,-2.911164700000002E-01,0E+00,-2.911164700000002E-01,0E+00,0E+00,1E-04 | 0E+00,1.7610816E-01,0E+00,-2.1513224999999998E+03,-1.7610816E+03,0E+00,0E+00,0E+00,0E+00,0E+00,-1.3531977190774523E-04,0E+00,0E+00,1.583441854266121E-04,asset04,precursor007,-2.479E+02,2026-01-03 14:13:22,0E+00,prod-strategy-sgap4,2026-01-11 02:58:47,0E+00,2.811753128075356E-03|kucoin_spot,0E+00,1.2408964662694473E+00,0E+00,0E+00,0E+00,5.436999999999996E-05 | 0E+00
fr-ONDO-USDT-loong_kc_byfutures_mode_0,ONDO-USDT-FTR,-2.959840899999999E-01,0E+00,-2.959840899999999E-01,0E+00,0E+00,5E-05 | 0E+00,6.786696E-02,0E+00,-1.6535567999999998E+03,-1.3573392E+03,0E+00,0E+00,0E+00,0E+00,0E+00,-1.7899844142033703E-04,0E+00,0E+00,1.2170704510952464E-04,asset04,precursor007,-4.872E+03,2026-01-03 08:11:30,0E+00,prod-strategy-sgap4,2026-01-09 17:22:13,0E+00,6.812477590534272E-04|kucoin_spot,0E+00,1.215899915686023E+00,0E+00,0E+00,0E+00,4.3340000000000036E-05 | 0E+00
fr-TAO-USDT-loong_kc_byfutures_mode_0,TAO-USDT-FTR,-6.153796900000003E-01,0E+00,-6.153796900000003E-01,0E+00,0E+00,5E-05 | 0E+00,7.798664400000001E-02,0E+00,-2.1420769E+03,-1.55973288E+03,0E+00,0E+00,0E+00,0E+00,0E+00,-2.8728179179748415E-04,0E+00,0E+00,1.57663679830273E-04,asset04,precursor007,-8.116E+00,2026-01-03 17:43:51,0E+00,prod-strategy-sgap4,2026-01-19 16:48:30,0E+00,6.75535231760449E-04|kucoin_spot,0E+00,1.2337046806841934E+00,0E+00,0E+00,0E+00,-1.6664999999999985E-04 | 0E+00
fr-INJ-USDT-loong_kc_byfutures_mode_0,INJ-USDT-FTR,-1.01089677E+00,0E+00,-1.01089677E+00,0E+00,0E+00,1E-04 | 0E+00,1.3449868E-01,0E+00,-1.78889344E+03,-1.3449868000000001E+03,0E+00,0E+00,0E+00,0E+00,0E+00,-5.650961356311977E-04,0E+00,0E+00,1.316682527012152E-04,asset04,precursor007,-3.734E+02,2026-01-04 04:17:46,0E+00,prod-strategy-sgap4,2026-01-13 07:31:33,0E+00,1.6615895873719477E-03|kucoin_spot,0E+00,1.2367393271415816E+00,0E+00,0E+00,0E+00,-6.0316E-04 | 0E+00
fr-MNT-USDT-loong_kc_byfutures_mode_0,MNT-USDT-FTR,-1.17688228E+00,0E+00,-1.17688228E+00,0E+00,0E+00,-6.815E-05 | 0E+00,-9.1455293664E-02,0E+00,-2.0272354200000002E+03,-1.34197056E+03,0E+00,0E+00,0E+00,0E+00,0E+00,-5.805355748963779E-04,0E+00,0E+00,1.4921098126751146E-04,asset04,precursor007,-1.9248E+03,2026-01-03 08:02:21,0E+00,prod-strategy-sgap4,2026-01-22 17:24:47,0E+00,1.289952701734265E-03|kucoin_spot,0E+00,1.0304735577366577E+00,0E+00,0E+00,0E+00,-9.875599999999997E-04 | 0E+00
fr-XLM-USDT-loong_kc_byfutures_mode_0,XLM-USDT-FTR,-1.2123283599999999E+00,0E+00,-1.2123283599999999E+00,0E+00,0E+00,5.886E-05 | 0E+00,1.0532884341960001E-01,0E+00,-1.98976883E+03,-1.7894808600000001E+03,0E+00,0E+00,0E+00,0E+00,0E+00,-6.092810087893477E-04,0E+00,0E+00,1.4645332095658043E-04,asset04,precursor007,-1.0141E+04,2025-12-09 22:12:28,0E+00,prod-strategy-sgap4,2026-01-04 03:10:30,0E+00,1.3011257566328815E-03|kucoin_spot,0E+00,1.0789246876065273E+00,0E+00,0E+00,0E+00,-7.062699999999999E-04 | 0E+00
fr-XLM-USDT-loong_kc_byfutures_mode_1,XLM-USDT-FTR,-1.2123283599999999E+00,0E+00,-1.2123283599999999E+00,0E+00,0E+00,5.886E-05 | 0E+00,1.0532884341960001E-01,0E+00,-1.98976883E+03,-1.7894808600000001E+03,0E+00,0E+00,0E+00,0E+00,0E+00,-6.092810087893477E-04,0E+00,0E+00,1.4645332095658043E-04,asset04,precursor007,-1.0141E+04,2026-01-03 20:08:31,0E+00,prod-strategy-sgap4,2026-01-21 22:13:58,0E+00,1.3011257566328815E-03|kucoin_spot,0E+00,1.0563825264493447E+00,0E+00,0E+00,0E+00,-7.062699999999999E-04 | 0E+00
fr-DYDX-USDT-loong_kc_byfutures_mode_9,DYDX-USDT-FTR,-1.6132327E+00,0E+00,-1.6132327E+00,0E+00,0E+00,1E-04 | 0E+00,1.392705615E-01,0E+00,-1.694884548E+03,-1.392705615E+03,0E+00,0E+00,0E+00,0E+00,0E+00,-9.518245369005511E-04,0E+00,0E+00,1.247488989424931E-04,asset04,precursor007,-1.04991E+04,2026-01-03 13:46:22,0E+00,prod-strategy-sgap4,2026-01-13 08:31:12,0E+00,1.2062726176116367E-03|kucoin_spot,0E+00,1.2313836201042754E+00,0E+00,0E+00,0E+00,-9.7153E-04 | 0E+00
fr-BRETT-USDT-loong_kc_byfutures_mode_9,BRETT-USDT-FTR,-1.67602516E+00,0E+00,-1.67602516E+00,0E+00,0E+00,5E-05 | 0E+00,7.328651E-02,0E+00,-1.91623405E+03,-1.4657302E+03,0E+00,0E+00,0E+00,0E+00,0E+00,-8.746453284242601E-04,0E+00,0E+00,1.410409270269743E-04,asset04,precursor007,-1.5356E+05,2025-12-24 08:38:41,0E+00,prod-strategy-sgap4,2026-01-05 18:10:47,0E+00,4.185851820845965E-04|kucoin_spot,0E+00,1.5981998068030414E+00,0E+00,0E+00,0E+00,-8.340699999999996E-04 | 0E+00
fr-BRETT-USDT-loong_kc_byfutures_mode_10,BRETT-USDT-FTR,-1.67602516E+00,0E+00,-1.67602516E+00,0E+00,0E+00,5E-05 | 0E+00,7.328651E-02,0E+00,-1.91623405E+03,-1.4657302E+03,0E+00,0E+00,0E+00,0E+00,0E+00,-8.746453284242601E-04,0E+00,0E+00,1.410409270269743E-04,asset04,precursor007,-1.5356E+05,2026-01-05 10:20:58,0E+00,prod-strategy-sgap4,2026-01-21 03:36:05,0E+00,4.185851820845965E-04|kucoin_spot,0E+00,1.5981998068030414E+00,0E+00,0E+00,0E+00,-8.340699999999996E-04 | 0E+00
fr-PAXG-USDT-loong_kc_byfutures_mode_0,PAXG-USDT-FTR,-2.33598865E+00,0E+00,-2.33598865E+00,0E+00,0E+00,-7.801E-05 | 0E+00,-1.5928946930899998E-01,0E+00,-2.3791728000000003E+03,-2.0419109E+03,0E+00,0E+00,0E+00,0E+00,0E+00,-9.818490905746735E-04,0E+00,0E+00,1.7511469294127308E-04,asset04,precursor007,-4.3E-01,2025-11-15 20:42:28,0E+00,prod-strategy-sgap4,2026-01-21 09:41:18,0E+00,1.0372306784163232E-03|kucoin_spot,0E+00,7.946178924094655E-01,0E+00,0E+00,0E+00,-9.162599999999996E-04 | 0E+00
fr-EIGEN-USDT-loong_kc_byfutures_mode_11,EIGEN-USDT-FTR,-2.39626603E+00,0E+00,-2.39626603E+00,0E+00,0E+00,-9.066E-05 | 0E+00,-1.1896912896000002E-01,0E+00,-1.9906293999999998E+03,-1.312256E+03,0E+00,0E+00,0E+00,0E+00,0E+00,-1.2037730528846808E-03,0E+00,0E+00,1.465166616484816E-04,asset04,precursor007,-5.126000000000001E+03,2026-01-09 23:19:40,0E+00,prod-strategy-sgap4,2026-01-20 15:09:20,0E+00,1.170503316426208E-03|kucoin_spot,0E+00,1.353989781626878E+00,0E+00,0E+00,0E+00,-1.1295E-03 | 0E+00
fr-EIGEN-USDT-loong_kc_byfutures_mode_10,EIGEN-USDT-FTR,-2.3962660300000005E+00,0E+00,-2.3962660300000005E+00,0E+00,0E+00,-9.066E-05 | 0E+00,-1.1896912896000002E-01,0E+00,-1.9906293999999998E+03,-1.312256E+03,0E+00,0E+00,0E+00,0E+00,0E+00,-1.203773052884681E-03,0E+00,0E+00,1.465166616484816E-04,asset04,precursor007,-5.126000000000001E+03,2025-12-31 09:46:05,0E+00,prod-strategy-sgap4,2026-01-09 23:24:46,0E+00,1.170503316426208E-03|kucoin_spot,0E+00,1.7004430530399863E+00,0E+00,0E+00,0E+00,-1.1295E-03 | 0E+00
fr-EIGEN-USDT-loong_kc_byfutures_mode_9,EIGEN-USDT-FTR,-2.3962660300000005E+00,0E+00,-2.3962660300000005E+00,0E+00,0E+00,-9.066E-05 | 0E+00,-1.1896912896000002E-01,0E+00,-1.9906293999999998E+03,-1.312256E+03,0E+00,0E+00,0E+00,0E+00,0E+00,-1.203773052884681E-03,0E+00,0E+00,1.465166616484816E-04,asset04,precursor007,-5.126000000000001E+03,2025-12-13 16:19:52,0E+00,prod-strategy-sgap4,2025-12-31 15:48:27,0E+00,1.170503316426208E-03|kucoin_spot,0E+00,1.7004430530399863E+00,0E+00,0E+00,0E+00,-1.1295E-03 | 0E+00
fr-MON-USDT-loong_kc_byfutures_mode_0,MON-USDT-FTR,-3.13264696E+00,0E+00,-3.13264696E+00,0E+00,0E+00,1E-04 | 0E+00,1.27692066E-01,0E+00,-1.5362708240000002E+03,-1.27692066E+03,0E+00,0E+00,0E+00,0E+00,0E+00,-2.0391241642170248E-03,0E+00,0E+00,1.1307442385832445E-04,asset04,precursor007,-7.0822E+04,2026-01-03 14:59:32,0E+00,prod-strategy-sgap4,2026-01-07 01:45:39,0E+00,1.1739057521382712E-03|kucoin_spot,0E+00,1.6060688234937548E+00,0E+00,0E+00,0E+00,-2.271220000000001E-03 | 0E+00
fr-GRASS-USDT-loong_kc_byfutures_mode_0,GRASS-USDT-FTR,-3.793356379999998E+00,0E+00,-3.793356379999998E+00,0E+00,0E+00,-8.388E-05 | 0E+00,-4.007071071359999E-01,0E+00,-1.38701368E+04,-4.7771471999999985E+03,0E+00,0E+00,0E+00,0E+00,0E+00,-2.734909132258881E-04,0E+00,0E+00,1.020886228518354E-03,asset04,precursor007,-2.2343999999999996E+04,2025-12-12 16:10:02,0E+00,prod-strategy-sgap4,2026-01-20 17:09:55,0E+00,2.8142589118198558E-03|kucoin_spot,0E+00,1.4596184701142307E+00,0E+00,0E+00,0E+00,7.393999999999996E-05 | 0E+00
fr-TRX-USDT-loong_kc_byfutures_mode_18,TRX-USDT-FTR,-6.86373316E+00,0E+00,-6.86373316E+00,0E+00,0E+00,-2.9791E-04 | 0E+00,-5.523127975887E-01,0E+00,-1.93096443E+03,-1.8539585699999998E+03,0E+00,0E+00,0E+00,0E+00,0E+00,-3.5545621935666625E-03,0E+00,0E+00,1.4212512989387335E-04,asset04,precursor007,-6.537E+03,2026-01-03 13:44:48,0E+00,prod-strategy-sgap4,2026-01-15 18:02:56,0E+00,1.550059888677513E-03|kucoin_spot,0E+00,2.4940678842227024E-01,0E+00,0E+00,0E+00,-4.55499E-03 | 0E+00
fr-STABLE-USDT-loong_kc_byfutures_mode_0,STABLE-USDT-FTR,-8.62955638E+00,0E+00,-8.62955638E+00,0E+00,0E+00,-1.7872E-04 | 0E+00,-6.61154301664E-01,0E+00,-3.71892858E+03,-3.6993862000000004E+03,0E+00,0E+00,0E+00,0E+00,0E+00,-2.3204415450215504E-03,0E+00,0E+00,2.737249838923951E-04,asset04,precursor007,-1.3666E+05,2026-01-03 15:16:01,0E+00,prod-strategy-sgap4,2026-01-20 16:41:46,0E+00,3.1574696185336926E-03|kucoin_spot,0E+00,1.9283082507641967E+00,0E+00,0E+00,0E+00,-2.1092399999999983E-03 | 0E+00
fr-RENDER-USDT-loong_kc_byfutures_mode_1,RENDER-USDT-FTR,-9.501508806349936E+00,-2.3146765146349935E+01,1.364525634E+01,5.5795302394617465E+00,-1.3753411195005168E+02,5E-05 | 0E+00,1.7327394380000003E+00,5.5981280893713236E+04,-3.677698128E+04,-3.465478876E+04,1.5221825975194132E+00,-8.432874711621551E+00,0E+00,-1.6972653456053677E-04,-4.134733035190223E-04,3.7102708991019177E-04,-2.456787514583235E-03,9.966778448773105E-05,2.706902913547998E-03,asset04,precursor007,-2.26739E+04,2026-01-19 22:29:16,1.3E+02,prod-strategy-sgap4,2026-01-22 17:17:45,-1.8794928098580037E+01,2.022310653010617E-03|kucoin_spot,4.2162162162162165E-01,1.3942748630679502E+00,4.3E+01,0E+00,7.8E+01,5.806000000000001E-04 | 0E+00
fr-DOGE-USDT-loong_kc_byfutures_mode_0,DOGE-USDT-FTR,-1.3657933722006577E+01,9.083969337993425E+00,-2.2741903060000002E+01,2.828024379326962E+00,-3.643240370089188E+01,7.512E-05 | 0E+00,2.8598652140328E+00,1.843676673603058E+04,-3.841508956E+04,-3.807062319E+04,4.79935539580988E-01,-1.0014297389619065E+03,0E+00,-7.407987483681273E-04,4.92709457577549E-04,-5.920044263981147E-04,-1.9760733659277044E-03,1.5339047349339265E-04,2.827472898400194E-03,asset04,precursor007,-3.63651E+05,2025-12-09 02:33:03,2.52E+02,prod-strategy-sgap4,2026-01-22 17:17:51,-7.744773576843935E+00,6.692160611854181E-04|kucoin_spot,1.4285714285714285E-01,1.1563999611723086E+00,5.3E+01,0E+00,9E+00,-6.6482E-04 | 0E+00
fr-POL-USDT-loong_kc_byfutures_mode_0,POL-USDT-FTR,-1.6195345257538918E+01,3.4547838842461076E+01,-5.074318409999999E+01,2.0547853407006187E+00,-3.642508991248906E+01,-3.3693E-04 | 0E+00,-5.8238721729474E+00,2.0685562215939164E+04,-3.375727856E+04,-1.728511018E+04,6.127733957929328E-01,2.2853970879840855E+00,0E+00,-7.829299048521712E-04,1.670142608734144E-03,-1.5031775742765916E-03,-1.7608943635296444E-03,9.933427572576748E-05,2.4846431791618584E-03,asset04,precursor007,-1.64354E+05,2025-11-26 17:53:23,1E+02,prod-strategy-sgap4,2026-01-22 17:17:42,2.172345173249975E+01,2.295332823259333E-03|kucoin_spot,5.106382978723404E-01,1.0811946296516188E+00,1.94E+02,0E+00,2.4E+01,-2.7658800000000005E-03 | 0E+00
fr-POPCAT-USDT-loong_kc_byfutures_mode_0,POPCAT-USDT-FTR,-2.01476862933604E+01,-2.34457087333604E+01,3.2980224399999996E+00,2.3050846922924393E+00,-5.299248933233321E+01,5E-05 | 0E+00,9.22655615E-01,1.5931306339383125E+04,-2.3782594200000003E+04,-1.84531123E+04,6.698725212821032E-01,7.904418937683106E+00,0E+00,-1.264660026249959E-03,-1.4716752182086432E-03,1.3867378858106234E-04,-3.3263116158486427E-03,1.4468899431016114E-04,1.7504746526523429E-03,asset04,precursor007,-3.33691E+05,2026-01-02 20:08:44,8.7E+01,prod-strategy-sgap4,2026-01-22 17:17:52,-1.6246480959941657E+01,1.0844026748599855E-03|kucoin_spot,3.090909090909091E-01,1.1246512081529987E+00,5.4E+01,0E+00,1.7E+01,3.086100000000002E-04 | 0E+00
fr-PNUT-USDT-loong_kc_byfutures_mode_1,PNUT-USDT-FTR,-2.0700722918594966E+01,-2.8396847268594968E+01,7.696124350000001E+00,2.4205595149105648E+00,-6.0467320099473E+01,5E-05 | 0E+00,1.047991446E+00,1.734660038435459E+04,-1.9710127060000003E+04,-2.095982892E+04,8.800856702521221E-01,-1.803683284759523E+00,0E+00,-1.1933590709373553E-03,-1.6370266587917087E-03,3.9046548642594086E-04,-3.4858311576722693E-03,1.3954085880099818E-04,1.450728105140315E-03,asset04,precursor007,-3.6668700000000006E+05,2026-01-21 21:55:49,7E+01,prod-strategy-sgap4,2026-01-22 17:17:48,-1.6521294088256916E+01,2.4449877750611915E-03|kucoin_spot,1.509433962264151E-01,1.3839228988137706E+00,1.82E+02,0E+00,8E+00,6.849199999999999E-04 | 0E+00
fr-ADA-USDT-loong_kc_byfutures_mode_0,ADA-USDT-FTR,-2.1868261821248595E+01,-2.7332250761248595E+01,5.46398894E+00,2.779076118429657E+00,-4.07107181660831E+01,3.499E-05 | 0E+00,1.1062165478E+00,1.9915705932736397E+04,-3.03768542E+04,-3.1615219999999998E+04,6.556210791812799E-01,1.046681576757431E+01,0E+00,-1.0980410081925687E-03,-1.3723967834010477E-03,1.798734294217997E-04,-2.0441514000849423E-03,1.3954193377908622E-04,2.235833183598443E-03,asset04,precursor007,-1.09018E+05,2026-01-04 04:47:48,1.83E+02,prod-strategy-sgap4,2026-01-22 17:17:58,-1.3294727485479049E+01,6.894174422611421E-04|kucoin_spot,5.263157894736842E-02,1.1536668896122046E+00,4.7E+01,0E+00,3E+00,3.722899999999999E-04 | 0E+00
fr-XRP-USDT-loong_kc_byfutures_mode_0,XRP-USDT-FTR,-3.4070201803823664E+01,-2.2049948233823663E+01,-1.2020253570000001E+01,2.7900631108459493E+00,-3.486817326769233E+01,7.316E-05 | 0E+00,3.042045167928E+00,2.614616409534216E+04,-3.758643648E+04,-4.15807158E+04,6.956276397538967E-01,-2.701956980496645E-01,0E+00,-1.3030669309496586E-03,-8.43333964914256E-04,-3.198029580802655E-04,-1.3335865689722325E-03,1.0671022719324967E-04,2.766481393428785E-03,asset04,precursor007,-2.60042E+04,2026-01-19 22:07:06,1.19E+02,prod-strategy-sgap4,2026-01-22 17:17:44,-1.4208878351023127E+01,6.99781318338033E-04|kucoin_spot,4.7619047619047616E-02,1.0931031301731986E+00,5.2E+01,0E+00,5E+00,-3.7382999999999996E-04 | 0E+00
fr-ORDI-USDT-loong_kc_byfutures_mode_0,ORDI-USDT-FTR,-4.244927304382444E+01,-5.304426332382444E+01,1.059499028E+01,4.4728721869323635E+00,-8.29962299152539E+01,-4.665E-05 | 0E+00,-2.1319142446305E+00,4.0823886212833226E+04,-4.3332573240000005E+04,-4.5700198169999996E+04,9.421062069572405E-01,6.243068660756944E+00,0E+00,-1.0398146032084585E-03,-1.2993437970917543E-03,2.4450406444406205E-04,-2.0330310907334336E-03,1.0956507578953349E-04,3.189415353637965E-03,asset04,precursor007,-1.4614710000000001E+04,2025-12-15 16:03:45,1.39E+02,prod-strategy-sgap4,2026-01-22 17:17:47,-4.0527979633182824E+01,1.5954052329292256E-03|kucoin_spot,1.9941348973607037E-01,1.5883504292539197E+00,8E+01,0E+00,6.8E+01,5.234500000000004E-04 | 0E+00
fr-GRASS-USDT-loong_kc_byfutures_mode_1,GRASS-USDT-FTR,-4.846814565319085E+01,-4.4674789273190854E+01,-3.7933563799999988E+00,4.569150403280219E+00,-1.4101440000906587E+02,-8.388E-05 | 0E+00,-4.007071071359999E-01,3.822694705334306E+04,-1.38701368E+04,-4.7771471999999985E+03,2.7560612850871853E+00,-3.3979880307435986E+00,0E+00,-1.2679052184197946E-03,-1.1686726960133719E-03,-2.734909132258882E-04,-3.6888742334638975E-03,1.1952695037101147E-04,1.020886228518354E-03,asset04,precursor007,-2.2343999999999996E+04,2026-01-21 05:32:16,5.2E+01,prod-strategy-sgap4,2026-01-22 17:17:46,-1.830387429801044E+01,2.8142589118198558E-03|kucoin_spot,3.7579617834394907E-01,1.4388033169843888E+00,5.4E+01,0E+00,5.9E+01,7.393999999999996E-05 | 0E+00
fr-XPL-USDT-loong_kc_byfutures_mode_0,XPL-USDT-FTR,-5.663791708E+01,0E+00,-5.663791708E+01,0E+00,0E+00,3.358E-05 | 0E+00,4.899551242265001E+00,0E+00,-1.6297977396000002E+05,-1.4590682675E+05,0E+00,0E+00,0E+00,0E+00,0E+00,-3.47515005720284E-04,0E+00,0E+00,1.1995830261947974E-02,asset04,precursor007,-1.408775E+06,2026-01-03 12:07:53,0E+00,prod-strategy-sgap4,2026-01-19 11:23:41,0E+00,2.216440204297898E-03|kucoin_spot,0E+00,1.3980675936905835E+00,0E+00,0E+00,0E+00,-2.9156999999999995E-04 | 0E+00
fr-MET-USDT-loong_kc_byfutures_mode_10,MET-USDT-FTR,-7.069955559100319E+01,-9.57077871110032E+01,2.5008231520000002E+01,1.0703322450621613E+01,-2.5264911049428338E+02,5E-05 | 0E+00,6.7741532103E+00,7.568018317897234E+04,-1.36855898415E+05,-1.3548306420599998E+05,5.529917530443647E-01,5.0857855166454215E+02,0E+00,-9.341884839761724E-04,-1.264634717977209E-03,1.8273404222714153E-04,-3.3383786862249782E-03,1.41428336996884E-04,1.0073029848081982E-02,asset04,precursor007,-5.624738E+05,2026-01-03 07:59:00,7.1E+01,prod-strategy-sgap4,2026-01-22 17:17:49,-5.927255262867704E+01,1.0064581061812738E-03|kucoin_spot,2.8865979381443296E-01,1.4368327529553586E+00,6.3E+01,0E+00,8.4E+01,3.461000000000003E-04 | 0E+00
fr-FARTCOIN-USDT-loong_kc_byfutures_mode_1,FARTCOIN-USDT-FTR,-1.114018760872487E+02,-1.445838073972487E+02,3.318193131E+01,3.91327321617573E+01,-4.3494898656243447E+02,5E-05 | 0E+00,6.961274600000001E-01,2.789360833324194E+05,-3.755587E+04,-1.3922549200000001E+04,7.427229973168492E+00,2.4732287997023577E+03,0E+00,-3.993813735259435E-04,-5.183402795003124E-04,8.83535152028165E-04,-1.5593141674829075E-03,1.4029282871632368E-04,2.7642316031825723E-03,asset04,precursor007,-6.2941E+04,2026-01-03 15:25:04,2.72E+02,prod-strategy-sgap4,2026-01-22 17:17:43,-7.500091171206661E+01,0E+00|bybit_linear_futures,3.9308578745198464E-01,1.6492458070850144E+00,6.14E+02,0E+00,3.07E+02,2.1999999999999993E-03 | 0E+00
fr-SOL-USDT-loong_kc_byfutures_mode_0,SOL-USDT-FTR,-1.3626830349101084E+02,-3.303233087101082E+01,-1.0323597262000001E+02,4.211842043048819E+00,-7.099732625950128E+01,3.66E-05 | 0E+00,3.349574904E+00,4.022425094559789E+04,-9.071958399999999E+04,-9.151843999999999E+04,4.433910427278623E-01,1.697816251835475E+02,0E+00,-3.387715129246526E-03,-8.212043753328328E-04,-1.1379678793500643E-03,-1.7650378711967331E-03,1.0470902363713896E-04,6.677250217352866E-03,asset04,precursor007,-8.968E+02,2026-01-03 02:07:14,2.64E+02,prod-strategy-sgap4,2026-01-22 17:17:53,-2.5528035343115434E+01,6.864764146319313E-04|kucoin_spot,9.302325581395349E-02,1.2497755736309006E+00,6.1E+01,0E+00,1.6E+01,-1.35186E-03 | 0E+00
fr-KGEN-USDT-loong_kc_byfutures_mode_3,KGEN-USDT-FTR,-1.4459588763931472E+02,-1.8596509626931473E+02,4.136920863E+01,1.5454232205782318E+01,-3.5727375044116343E+02,5E-05 | 0E+00,1.986105636E+00,8.499734526747465E+04,-3.962161116E+04,-3.972211272E+04,2.1452268794481464E+00,1.2425394357285501E+01,0E+00,-1.7011812214168791E-03,-2.1878929945883465E-03,1.0441071783513006E-03,-4.203351873130547E-03,1.81820175173119E-04,2.9162767295094825E-03,asset04,precursor007,-1.79852E+05,2026-01-21 02:27:01,7.8E+01,prod-strategy-sgap4,2026-01-22 17:17:51,-1.2303177364598118E+02,2.3137646311586213E-03|kucoin_spot,4.1297935103244837E-01,1.2829065368867503E+00,4E+01,0E+00,1.4E+02,1.1874600000000002E-03 | 0E+00
fr-VIRTUAL-USDT-loong_kc_byfutures_mode_0,VIRTUAL-USDT-FTR,-1.6578583253789094E+02,-1.8955921492789093E+02,2.3773382390000002E+01,1.225299118910334E+01,-2.4530856606911408E+02,7.28E-06 | 0E+00,4.8056587779199994E-01,8.88712676840648E+04,-6.2497235499999995E+04,-6.601179639999999E+04,1.4220031809897384E+00,-6.140190009029805E+02,0E+00,-1.8654604222284254E-03,-2.1329640036391664E-03,3.8039094369222146E-04,-2.7602685599262527E-03,1.3787348271729875E-04,4.599995512835776E-03,asset04,precursor007,-1.0476399999999999E+05,2026-01-22 08:23:05,1.17E+02,prod-strategy-sgap4,2026-01-22 17:17:57,-7.367954798573214E+01,9.495173286910852E-04|kucoin_spot,2.3846153846153847E-01,1.4424578000639316E+00,8.6E+01,0E+00,6.2E+01,4.724400000000004E-04 | 0E+00
fr-CHZ-USDT-loong_kc_byfutures_mode_0,CHZ-USDT-FTR,-1.6957642305320095E+02,-2.8398384166320096E+02,1.1440741861000001E+02,2.4691910453551962E+01,-4.0519579352816E+02,-2.5205E-04 | 0E+00,-4.930000045304399E+01,1.777203363684874E+05,-1.9416687064E+05,-1.9559611367999998E+05,9.152969081836534E-01,4.950237795464633E+02,0E+00,-9.541756814009133E-04,-1.597925411723201E-03,5.892221378080506E-04,-2.2799630127191654E-03,1.3893688791110248E-04,1.4291299871741762E-02,asset04,precursor007,-4.203656E+06,2026-01-21 11:24:42,1.65E+02,prod-strategy-sgap4,2026-01-22 17:17:50,-1.3733071464036234E+02,1.5066724063710346E-03|kucoin_spot,1.1859443631039532E-01,1.5257584908711064E+00,3.5E+01,0E+00,8.1E+01,1.2031400000000003E-03 | 0E+00
fr-ZEREBRO-USDT-loong_kc_byfutures_mode_3,ZEREBRO-USDT-FTR,-1.8565104023575265E+02,-3.0320462202575266E+02,1.1755358179E+02,1.5702071886826161E+01,-6.441096609053202E+02,5E-05 | 0E+00,1.4388478632E+00,1.2918858819313347E+05,-6.9853412235E+04,-2.8776957263999997E+04,1.8494241592453466E+00,5.423847117462159E+00,0E+00,-1.4370544862539198E-03,-2.346992302233924E-03,1.6828609802843656E-03,-4.985809272428874E-03,1.2154379969964518E-04,5.141433541284682E-03,asset04,precursor007,-3.205989E+06,2026-01-12 02:48:41,7.3E+01,prod-strategy-sgap4,2026-01-22 17:17:49,-1.6632990034425353E+02,3.6842692865914906E-03|kucoin_spot,3.532934131736527E-01,1.8035504181570852E+00,1.6E+02,0E+00,1.77E+02,2.105379999999999E-03 | 0E+00
fr-XPL-USDT-loong_kc_byfutures_mode_1,XPL-USDT-FTR,-2.3404590061740916E+02,-1.7740798353740917E+02,-5.663791708E+01,2.3101705027365824E+01,-4.5707395563833416E+02,3.358E-05 | 0E+00,4.899551242265001E+00,1.7157013407874107E+05,-1.6297977396000002E+05,-1.4590682675E+05,1.052708136169396E+00,2.6192206318268773E+03,0E+00,-1.3641412701233609E-03,-1.0340260237599911E-03,-3.47515005720284E-04,-2.6640648041258907E-03,1.3464875545742382E-04,1.1995830261947974E-02,asset04,precursor007,-1.408775E+06,2025-12-12 16:02:48,1.74E+02,prod-strategy-sgap4,2026-01-22 17:17:46,-1.1652067283465263E+02,2.216440204297898E-03|kucoin_spot,1.1037527593818984E-01,1.5007516965466E+00,1.07E+02,0E+00,5E+01,-2.9156999999999995E-04 | 0E+00
fr-WLD-USDT-loong_kc_byfutures_mode_5,WLD-USDT-FTR,-1.7462788056711317E+03,-6.684221501511317E+02,-1.07785665552E+03,6.944158034066919E+01,-1.2579278082650853E+03,-2.6768E-04 | 0E+00,-9.2464790426568E+01,4.911276861041482E+05,-4.0267209839999996E+05,-3.4543032885E+05,1.219671509537469E+00,-3.377690592073072E+01,0E+00,-3.5556513205830895E-03,-1.360994643680883E-03,-2.6767602220338E-03,-2.5613050207850224E-03,1.4139211106486767E-04,2.963794847828375E-02,asset04,precursor007,-8.624977000000001E+05,2026-01-03 09:21:40,2.56E+02,prod-strategy-sgap4,2026-01-22 17:17:48,-3.5036357539922307E+02,1.4921661278288756E-03|kucoin_spot,1.6641828117237953E-01,1.2847643895001823E+00,4.8E+01,0E+00,3.35E+02,-3.0464599999999995E-03 | 0E+00
